Age,AnnualIncome,AverageTransactionValue,DiscountSensitivity,ShoppingFrequency
36,71412,1697,Medium,Occasional
49,79363,1062,Medium,Frequent
44,53373,1848,Low,Frequent
40,47755,2723,Medium,Rare
37,38296,966,Medium,Rare
36,43491,966,Medium,Occasional
48,118981,2779,Low,Rare
40,84893,1967,Low,Occasional
40,32978,731,Low,Rare
33,33550,1743,Medium,Frequent
37,69637,737,Medium,Frequent
32,70945,734,Medium,Frequent
31,70977,1442,Low,Frequent
41,54900,50,Medium,Frequent
35,57490,50,Medium,Occasional
31,66557,638,Medium,Occasional
30,61717,187,Low,Occasional
41,15613,1514,Medium,Frequent
41,55404,292,Low,Occasional
46,42971,50,Medium,Occasional
39,63504,2666,Medium,Frequent
45,119705,974,Low,Occasional
44,67349,1268,Medium,Frequent
44,53729,50,Low,Frequent
48,78436,656,Medium,Rare
41,69653,1311,Medium,Frequent
49,68401,50,Medium,Frequent
32,72137,1576,Medium,Occasional
34,101130,599,Medium,Occasional
48,37382,908,Medium,Frequent
36,69472,598,Medium,Frequent
38,41472,3052,Medium,Frequent
36,71110,1187,Medium,Occasional
47,41626,142,Medium,Frequent
33,51652,2023,Medium,Frequent
43,54098,50,Medium,Rare
47,79516,1409,Medium,Occasional
38,78369,50,Medium,Frequent
31,35085,50,Low,Occasional
49,61098,1397,Medium,Occasional
44,45808,1938,Medium,Frequent
36,34829,1371,Medium,Frequent
41,55659,1084,Low,Occasional
37,53830,899,Low,Frequent
44,108534,50,Medium,Occasional
32,68659,480,Medium,Frequent
43,32447,739,Medium,Frequent
46,48704,2257,Low,Frequent
33,80427,1544,Medium,Frequent
47,101768,50,Low,Frequent
37,28280,1524,Medium,Frequent
33,22401,815,Low,Occasional
31,97419,523,Low,Rare
35,67792,1812,Medium,Occasional
39,42634,2231,Medium,Occasional
33,70692,2131,Medium,Frequent
47,7285,361,Medium,Rare
41,60067,891,Medium,Frequent
31,66556,1531,Low,Rare
39,78485,2176,Medium,Rare
33,39722,721,Medium,Occasional
43,61713,1014,Medium,Rare
45,41491,94,Medium,Occasional
44,65107,50,Medium,Frequent
37,42093,2013,Medium,Frequent
43,51837,2556,Medium,Occasional
37,40083,1128,Medium,Frequent
45,73022,2204,Low,Occasional
42,77169,1562,Medium,Rare
47,55307,555,Medium,Frequent
44,60764,1561,Low,Occasional
42,31028,2738,Medium,Rare
38,54006,1164,Medium,Rare
44,58995,2765,Medium,Rare
42,112415,50,Medium,Occasional
30,37760,2022,Low,Rare
36,89283,1287,Medium,Occasional
38,79937,901,Medium,Frequent
30,65612,1292,Medium,Frequent
41,95172,50,Medium,Occasional
37,67442,980,Medium,Frequent
40,67783,1557,Medium,Occasional
48,58937,2678,Medium,Occasional
46,84471,682,Medium,Frequent
37,81929,392,Low,Occasional
32,47486,698,Medium,Occasional
32,33615,2115,Low,Frequent
30,55940,1529,Low,Frequent
34,43999,670,Low,Frequent
39,58729,1713,Low,Frequent
36,84748,1297,Medium,Rare
38,50853,2169,Medium,Frequent
36,59143,498,Medium,Occasional
38,61160,872,Low,Frequent
37,76968,808,Medium,Frequent
41,15062,50,Medium,Occasional
31,47865,1496,Medium,Occasional
30,64225,1461,Medium,Frequent
45,84001,1205,Medium,Frequent
34,50161,965,Low,Frequent
32,22468,50,Medium,Frequent
41,72394,779,Medium,Occasional
37,47292,857,Medium,Frequent
32,36206,398,Low,Frequent
30,47513,1039,Medium,Frequent
32,56309,1604,Medium,Rare
34,47905,3086,Medium,Rare
44,15888,1375,Medium,Frequent
43,77941,1458,Medium,Occasional
32,85497,1126,Low,Frequent
30,73030,50,Low,Frequent
34,37246,1173,Medium,Occasional
43,55970,1260,Medium,Rare
36,59869,3663,Medium,Rare
38,71975,1008,Medium,Occasional
44,73366,1502,Medium,Frequent
44,45316,1165,Medium,Occasional
39,61639,50,Medium,Frequent
42,69145,2343,Medium,Occasional
48,89116,1952,Medium,Frequent
36,74090,1991,Medium,Occasional
46,75781,291,Medium,Frequent
49,61676,2603,Medium,Frequent
33,88209,50,Medium,Rare
34,68195,1787,Medium,Frequent
36,42778,3390,Medium,Occasional
42,88067,209,Low,Frequent
44,73958,634,Low,Frequent
40,51139,1300,Medium,Frequent
33,50410,697,Medium,Frequent
42,65931,50,Medium,Occasional
36,69263,1269,Medium,Frequent
48,63945,138,Medium,Rare
31,66226,1674,Low,Occasional
39,93999,281,Medium,Frequent
42,81430,2750,Medium,Occasional
35,63812,417,Medium,Occasional
41,78826,878,Medium,Occasional
41,39349,2014,Medium,Frequent
49,67958,50,Medium,Frequent
40,96186,1427,Medium,Occasional
36,55639,2507,Medium,Rare
30,43047,50,Low,Occasional
30,46958,1385,Low,Frequent
49,38207,1460,Medium,Occasional
42,44304,1982,Medium,Frequent
38,52589,50,Medium,Frequent
32,31888,50,Low,Frequent
36,60312,1722,Medium,Occasional
35,78045,1497,Medium,Frequent
37,41844,1450,Medium,Frequent
38,90385,1546,Medium,Occasional
34,70215,520,Medium,Frequent
30,80611,1432,Medium,Frequent
48,46843,1493,Medium,Frequent
39,77090,486,Medium,Rare
41,38161,3066,Medium,Occasional
44,77804,1674,Low,Frequent
38,63436,50,Medium,Occasional
49,71065,1857,Medium,Occasional
46,36488,225,Medium,Frequent
46,42098,1987,Medium,Occasional
49,71944,2359,Medium,Occasional
41,41033,379,Medium,Occasional
36,69264,2163,Medium,Frequent
31,32657,1613,Low,Occasional
32,76963,2022,Medium,Occasional
46,35349,3097,Low,Frequent
34,71045,955,Medium,Frequent
46,72512,446,Medium,Frequent
46,46064,310,Low,Frequent
46,71640,384,Low,Occasional
31,65208,1123,Low,Frequent
31,49223,1541,Medium,Frequent
34,39828,1477,Medium,Occasional
30,20747,2027,Low,Frequent
30,66993,1213,Medium,Rare
48,28703,2654,Medium,Frequent
31,61906,935,Low,Frequent
41,54731,3920,Medium,Frequent
35,73582,1826,Medium,Frequent
33,53959,343,Medium,Frequent
40,53411,129,Low,Occasional
46,74637,1682,Low,Rare
35,66701,977,Low,Frequent
34,66323,1914,Medium,Occasional
49,69385,1673,Medium,Occasional
31,29288,1127,Low,Occasional
35,75135,353,Low,Frequent
40,72249,50,Low,Frequent
45,39666,753,Low,Frequent
45,55118,2056,Medium,Occasional
30,59213,1414,Medium,Occasional
38,57310,50,Medium,Frequent
35,66677,1373,Low,Frequent
45,88627,1585,Medium,Rare
32,81635,316,Medium,Occasional
49,33755,1354,Medium,Rare
33,72441,1258,Low,Occasional
48,86578,57,Medium,Frequent
38,67736,1558,Medium,Occasional
35,81819,1761,High,Occasional
27,100245,2283,High,Frequent
37,80474,2254,High,Occasional
42,64986,50,High,Occasional
37,80901,262,High,Frequent
39,62897,1715,Medium,Occasional
26,60478,1714,Medium,Occasional
22,52971,1715,High,Rare
37,91268,5000,Medium,Frequent
29,43631,1771,High,Frequent
26,90647,2336,High,Occasional
36,69997,2154,Medium,Frequent
33,32013,1851,Medium,Occasional
43,67352,885,High,Occasional
22,17999,1959,Medium,Frequent
31,72510,427,High,Occasional
32,77704,963,Medium,Occasional
21,48152,715,High,Frequent
22,62470,1282,Medium,Rare
24,99083,3515,High,Occasional
30,49885,50,Medium,Occasional
27,38821,1886,High,Occasional
42,89633,50,Medium,Frequent
42,99251,728,High,Rare
31,60073,2289,High,Occasional
26,80229,1264,Medium,Occasional
34,86829,122,Medium,Occasional
43,45150,485,Medium,Frequent
36,50293,1880,High,Occasional
23,84617,470,High,Frequent
41,93700,1416,High,Frequent
44,71257,1246,Medium,Frequent
32,42403,548,Medium,Rare
37,99741,3344,High,Occasional
20,49380,1834,Medium,Occasional
35,53297,50,High,Occasional
32,66846,1386,Medium,Occasional
29,91083,538,High,Rare
31,77079,2052,Medium,Frequent
21,68297,407,Medium,Frequent
42,69265,1085,High,Frequent
22,60870,1705,High,Occasional
29,71162,2066,High,Occasional
21,9408,50,Medium,Frequent
42,54067,865,Medium,Frequent
32,64826,725,High,Occasional
32,36979,547,High,Frequent
37,67726,2965,Medium,Occasional
22,55910,1605,Medium,Rare
26,95109,50,Medium,Frequent
33,91460,2118,High,Frequent
39,50683,3322,Medium,Occasional
36,56983,2232,Medium,Occasional
40,58521,50,Medium,Occasional
31,50966,716,Medium,Rare
44,63900,2467,Medium,Frequent
35,44834,492,High,Occasional
43,37387,1644,Medium,Occasional
31,72454,1975,High,Occasional
34,72590,273,Medium,Frequent
44,43913,1140,High,Occasional
29,77907,50,High,Occasional
44,47368,176,High,Frequent
26,65063,947,High,Frequent
39,76406,50,Medium,Occasional
24,59327,2832,Medium,Frequent
20,69094,50,High,Frequent
36,49671,760,High,Frequent
22,56070,1331,High,Occasional
32,55882,2641,High,Occasional
33,45068,50,High,Occasional
43,56464,2363,Medium,Frequent
37,29027,1210,Medium,Occasional
23,50176,218,High,Occasional
37,54302,1662,High,Occasional
24,54876,1399,Medium,Rare
44,55170,600,High,Frequent
35,58764,1270,Medium,Occasional
20,69588,815,High,Frequent
40,77490,1314,Medium,Occasional
33,47004,1862,Medium,Frequent
34,35935,2786,High,Frequent
28,39159,50,Medium,Frequent
34,50255,3333,High,Occasional
36,52961,50,High,Frequent
44,44600,1048,High,Occasional
43,34077,1788,Medium,Frequent
23,50877,1481,Medium,Frequent
31,63628,577,Medium,Occasional
24,71900,992,High,Frequent
24,48851,707,High,Frequent
30,51740,611,High,Occasional
25,41466,2050,High,Frequent
26,59371,1557,High,Frequent
43,43031,507,High,Frequent
33,71462,2100,Medium,Rare
43,24282,1507,High,Occasional
30,52807,2013,Medium,Occasional
32,66022,1830,High,Occasional
21,63676,371,High,Frequent
44,113860,640,High,Frequent
26,66996,1947,Medium,Occasional
39,39918,1810,Medium,Frequent
23,58090,1179,Medium,Frequent
27,24475,1317,Medium,Frequent
39,58388,2478,Medium,Frequent
41,43338,608,High,Rare
40,78307,1747,High,Frequent
38,49009,998,Medium,Occasional
32,57664,982,Medium,Frequent
33,47288,2299,Medium,Rare
29,94777,2025,High,Frequent
30,53575,2014,High,Frequent
21,96651,2505,High,Occasional
44,76283,1221,Medium,Occasional
28,69641,1882,High,Frequent
36,67374,890,High,Frequent
22,67875,1524,Medium,Frequent
43,21446,1070,High,Frequent
25,54422,1297,Medium,Frequent
24,76903,1795,High,Frequent
24,59022,382,Medium,Frequent
41,31896,3292,High,Frequent
34,58951,194,High,Occasional
42,94082,50,High,Rare
36,84937,2358,High,Occasional
28,58759,1992,Medium,Frequent
22,79028,1824,Medium,Frequent
39,52669,1828,Medium,Rare
36,25922,1188,Medium,Frequent
29,41510,303,High,Frequent
22,91257,1276,Medium,Occasional
37,54520,523,High,Occasional
37,55132,2175,High,Occasional
36,54003,1053,High,Frequent
43,98082,375,Medium,Frequent
22,92519,879,High,Rare
22,104375,1613,High,Frequent
25,56819,636,Medium,Occasional
32,65912,378,High,Occasional
43,29667,1444,High,Occasional
34,89538,1445,Medium,Frequent
44,36644,693,High,Frequent
28,64335,729,Medium,Occasional
23,38053,1432,Medium,Occasional
33,48222,50,Medium,Rare
24,43254,50,Medium,Frequent
21,47842,482,Medium,Frequent
30,49217,987,Medium,Rare
28,49034,1511,High,Occasional
43,76666,2675,High,Occasional
22,37902,2058,High,Frequent
28,64410,1040,Medium,Occasional
22,84359,1181,Medium,Occasional
44,49736,197,High,Occasional
21,45641,1181,Medium,Frequent
31,55389,911,Medium,Frequent
29,83594,1523,High,Occasional
28,63882,373,Medium,Frequent
34,49375,1719,High,Frequent
27,69677,2733,High,Rare
44,37954,1091,Medium,Frequent
24,73627,1602,Medium,Occasional
30,68172,1890,High,Frequent
21,53843,799,Medium,Occasional
43,43228,1424,Medium,Rare
34,42266,1213,High,Frequent
25,70696,1298,Medium,Frequent
27,84579,427,High,Frequent
24,47253,1225,High,Frequent
35,69167,1698,Medium,Occasional
37,18259,2651,Medium,Rare
25,48307,2159,Medium,Frequent
24,59378,3353,Medium,Frequent
35,41806,433,Medium,Frequent
32,41269,2072,High,Occasional
24,46644,1383,Medium,Frequent
32,65843,3390,High,Occasional
36,56253,392,High,Occasional
37,15235,360,High,Occasional
27,17585,601,High,Frequent
32,47862,50,Medium,Occasional
38,69153,674,High,Frequent
22,5049,441,High,Frequent
43,50005,1350,Medium,Occasional
27,49475,1542,Medium,Occasional
21,87766,3076,High,Frequent
27,52299,2150,Medium,Frequent
32,67659,623,Medium,Frequent
32,62825,302,Medium,Frequent
20,17388,1692,Medium,Frequent
25,75364,50,High,Frequent
43,64307,3031,High,Frequent
38,70165,2379,High,Occasional
35,138524,731,Medium,Occasional
27,18317,50,Medium,Occasional
20,94493,2554,Medium,Frequent
35,54251,1085,Medium,Rare
28,65746,2438,Medium,Occasional
57,59089,50,High,Occasional
42,51515,601,High,Occasional
52,48603,1205,High,Rare
35,66590,1247,High,Occasional
57,29656,750,High,Frequent
41,75011,1823,High,Occasional
30,51676,132,High,Occasional
28,37398,1058,High,Occasional
44,50999,1320,High,Occasional
51,85142,1714,High,Frequent
39,49293,1912,High,Frequent
30,67169,75,High,Rare
38,45380,50,High,Occasional
35,75158,2478,High,Occasional
33,73710,1532,High,Frequent
50,96972,452,High,Frequent
40,56488,2751,High,Occasional
29,73373,1316,High,Occasional
34,61961,2379,High,Occasional
27,85917,1268,High,Frequent
37,45623,3261,High,Occasional
54,74900,2955,High,Frequent
30,56106,951,High,Occasional
41,58716,2172,High,Frequent
43,61835,1845,High,Frequent
59,65044,2569,High,Occasional
50,57675,235,High,Rare
29,64294,1886,High,Frequent
53,91562,2258,High,Occasional
44,79708,50,High,Frequent
45,77383,50,High,Frequent
34,50889,50,High,Frequent
29,42215,931,High,Frequent
30,79106,1918,High,Occasional
50,77520,2702,High,Frequent
28,89453,1274,High,Frequent
59,47920,2829,High,Rare
25,55409,50,High,Frequent
48,27210,50,High,Occasional
30,52150,1144,High,Frequent
55,79931,1584,High,Occasional
44,50670,1167,High,Frequent
48,72809,50,High,Frequent
49,56189,1111,High,Frequent
45,66481,50,High,Frequent
54,37046,1870,High,Frequent
48,61704,1567,High,Occasional
54,5000,260,High,Occasional
46,56262,686,High,Occasional
52,27390,141,High,Occasional
31,84119,1137,High,Frequent
59,75548,2155,High,Frequent
52,69333,214,High,Frequent
38,90420,1704,High,Frequent
34,41021,670,High,Occasional
40,94947,407,High,Occasional
40,78643,1093,High,Frequent
55,55268,165,High,Frequent
49,82712,646,High,Occasional
37,37874,50,High,Occasional
30,43509,3165,High,Frequent
33,47828,1235,High,Rare
44,49420,500,High,Rare
42,38868,1414,High,Frequent
45,84461,1088,High,Frequent
28,54822,979,High,Occasional
57,67050,1814,High,Rare
51,48592,1958,High,Occasional
31,23587,669,High,Frequent
30,65401,624,High,Frequent
39,21754,925,High,Occasional
42,58627,50,High,Occasional
56,32633,50,High,Frequent
35,99745,2567,High,Occasional
44,78227,2845,High,Occasional
48,62115,951,High,Occasional
39,85274,1777,High,Occasional
31,43073,1511,High,Occasional
45,70869,4279,High,Frequent
50,63996,2320,High,Occasional
38,65280,1072,High,Frequent
45,85447,244,High,Occasional
42,74649,50,High,Frequent
29,65774,1403,High,Occasional
27,26902,444,High,Frequent
47,40799,50,High,Frequent
50,57545,553,High,Frequent
48,61867,118,High,Frequent
43,37395,2887,High,Occasional
49,108233,2082,High,Occasional
45,90327,1192,High,Occasional
36,72042,2680,High,Frequent
57,61440,1277,High,Frequent
28,55755,339,High,Frequent
31,40961,2723,High,Frequent
46,61549,1739,High,Occasional
57,65155,163,High,Frequent
41,35164,1010,High,Frequent
48,66683,324,High,Frequent
58,56894,50,High,Frequent
52,21843,2126,High,Occasional
46,42792,3109,High,Occasional
41,51727,50,High,Frequent
58,97753,1763,High,Frequent
30,71131,549,High,Frequent
30,33290,713,High,Frequent
58,69720,608,High,Frequent
25,29053,336,High,Rare
34,81653,1249,High,Occasional
45,50577,369,High,Occasional
29,58127,1470,High,Frequent
26,86515,1150,High,Frequent
46,34256,961,High,Occasional
26,32057,292,High,Occasional
34,48328,623,High,Occasional
58,80767,1955,High,Frequent
40,29613,1701,High,Occasional
46,5000,222,High,Frequent
36,50976,1299,High,Occasional
48,71034,1951,High,Occasional
34,84005,50,High,Occasional
59,50736,1743,High,Frequent
56,51771,537,High,Occasional
31,83078,1771,High,Frequent
45,22605,437,High,Frequent
44,52229,50,High,Frequent
50,63808,50,High,Occasional
28,68984,1248,High,Frequent
46,49803,1460,High,Frequent
39,60688,296,High,Occasional
45,10233,1839,High,Frequent
39,46835,50,High,Occasional
46,69070,1134,High,Frequent
52,40354,50,High,Frequent
38,61179,548,High,Occasional
51,68937,1247,High,Frequent
52,53149,340,High,Frequent
50,63409,815,High,Occasional
26,40745,2206,High,Occasional
49,55867,623,High,Occasional
27,72204,2036,High,Frequent
32,63139,70,High,Frequent
57,48269,1730,High,Occasional
59,64484,2642,High,Occasional
30,74292,50,High,Occasional
47,19001,403,High,Occasional
49,83181,1777,High,Occasional
43,53274,997,High,Frequent
29,68509,1571,High,Frequent
35,83944,596,High,Occasional
36,32566,1287,High,Frequent
34,45811,1044,High,Frequent
32,54229,2368,High,Occasional
48,44324,1454,High,Occasional
52,94698,1538,High,Frequent
45,42864,788,High,Frequent
32,48889,712,High,Frequent
33,64087,767,High,Occasional
39,35957,1594,High,Rare
42,52086,779,High,Frequent
44,66349,1490,High,Frequent
30,53342,3275,High,Occasional
36,58132,2071,High,Frequent
26,49413,874,High,Occasional
31,29710,2401,High,Rare
40,66431,792,High,Frequent
27,95098,50,High,Occasional
27,60368,192,High,Frequent
51,64505,50,High,Frequent
57,73854,848,High,Occasional
52,34613,1218,High,Frequent
25,94050,2876,High,Rare
32,64046,1527,High,Occasional
56,92637,981,High,Frequent
28,45339,2029,High,Frequent
54,96361,50,High,Frequent
30,75503,1436,High,Frequent
43,71060,1971,High,Frequent
56,64680,50,High,Frequent
33,55029,2344,High,Frequent
36,84010,1538,High,Occasional
35,62807,785,High,Occasional
40,20658,1833,High,Occasional
25,37656,3471,High,Frequent
45,56283,1382,High,Frequent
54,66199,1448,High,Occasional
37,58868,741,High,Frequent
58,84379,350,High,Frequent
28,20977,2030,High,Occasional
52,62871,344,High,Occasional
55,23640,1272,High,Occasional
51,75194,722,High,Frequent
29,58110,1679,High,Occasional
49,68392,1534,High,Occasional
27,42722,2238,High,Occasional
57,85589,690,High,Occasional
28,80834,930,High,Occasional
49,71670,221,High,Occasional
44,57409,756,High,Frequent
58,71597,1577,High,Occasional
32,45862,1957,Medium,Frequent
32,77111,278,High,Frequent
32,92989,2070,High,Occasional
30,81412,2556,Medium,Rare
39,45407,1613,Medium,Rare
41,67228,3077,Medium,Frequent
50,34137,426,Medium,Frequent
57,71447,50,High,Rare
40,69012,50,High,Occasional
37,22603,2696,Medium,Frequent
47,36764,1854,High,Occasional
33,54337,1144,Low,Frequent
36,53982,1480,Medium,Rare
31,35810,75,Low,Frequent
38,67779,3646,Medium,Occasional
36,65029,1329,High,Frequent
41,56114,1309,High,Frequent
32,44884,1926,High,Frequent
33,80974,1681,High,Occasional
39,93108,1424,Medium,Occasional
49,50328,410,Medium,Occasional
27,47756,1671,Medium,Rare
42,69824,3082,Medium,Frequent
40,52839,2545,High,Occasional
30,57212,2793,High,Frequent
40,74793,689,Low,Occasional
37,21812,210,Medium,Occasional
39,86366,1074,High,Frequent
44,61453,1256,High,Occasional
29,51770,2294,Low,Rare
26,58215,50,High,Frequent
45,59248,2730,High,Occasional
43,25375,1042,Low,Frequent
36,89898,773,High,Frequent
30,60826,188,High,Occasional
28,68860,50,High,Occasional
26,79030,2023,High,Frequent
44,39576,1273,Medium,Occasional
26,69469,50,High,Frequent
35,54647,50,Medium,Frequent
30,76935,864,Medium,Occasional
40,17455,2869,Medium,Occasional
19,58018,940,High,Frequent
42,47943,50,Medium,Occasional
37,68645,954,Medium,Frequent
42,69400,927,High,Frequent
19,45847,50,Medium,Occasional
32,45756,1146,High,Rare
22,57786,969,Medium,Occasional
35,42067,1896,Medium,Frequent
42,76839,3049,Medium,Rare
31,52615,2327,High,Occasional
25,5000,931,High,Frequent
38,52503,93,High,Occasional
36,39229,3773,Medium,Frequent
33,27374,1259,High,Frequent
33,35251,1214,Medium,Frequent
32,62188,1176,High,Occasional
24,86572,1398,High,Frequent
50,66263,1056,Medium,Frequent
29,47869,626,Medium,Frequent
43,69118,653,High,Frequent
29,50818,1167,Medium,Rare
38,46107,657,High,Occasional
45,36912,487,High,Occasional
42,24963,1306,High,Frequent
47,52201,945,Medium,Occasional
30,63161,2704,High,Occasional
20,58067,50,High,Occasional
30,51680,2292,High,Occasional
41,41085,2446,High,Occasional
35,72164,50,High,Rare
28,33657,857,High,Frequent
42,75520,829,High,Frequent
23,39955,50,High,Rare
29,44951,422,Low,Rare
29,30664,89,High,Occasional
29,49971,2952,Low,Occasional
36,79506,2136,High,Occasional
58,70312,2472,High,Frequent
40,79568,1922,Medium,Frequent
40,70442,71,Medium,Occasional
33,37926,675,Medium,Occasional
34,53384,1689,Medium,Frequent
35,44396,50,High,Occasional
44,86611,1913,High,Frequent
41,36064,960,Medium,Frequent
41,77873,825,High,Occasional
45,77859,1911,Medium,Occasional
40,96592,1644,Medium,Frequent
49,51806,839,High,Frequent
25,74246,2359,High,Occasional
19,105633,119,Medium,Frequent
34,47647,1816,High,Occasional
23,29299,1793,Medium,Frequent
31,22399,890,High,Occasional
53,74254,1526,High,Occasional
24,22336,50,High,Frequent
48,52553,2124,Medium,Frequent
34,68746,1015,Medium,Occasional
40,63703,677,Medium,Frequent
37,68508,2249,Medium,Occasional
31,64445,496,Medium,Occasional
45,85577,50,Low,Frequent
45,40953,50,High,Frequent
26,46460,1806,High,Occasional
55,44546,50,High,Frequent
44,76603,2955,Medium,Frequent
45,78007,50,High,Occasional
32,69024,2896,High,Rare
35,83669,1411,Medium,Rare
27,36439,1103,Medium,Occasional
38,93344,655,High,Frequent
15,90464,1599,Medium,Frequent
24,74712,1162,High,Frequent
37,95635,2303,Medium,Occasional
36,26867,1314,Medium,Occasional
47,49511,1350,High,Occasional
34,45293,836,High,Frequent
26,74429,1143,High,Frequent
17,38997,1508,Medium,Frequent
24,75149,50,High,Occasional
37,87410,50,Medium,Occasional
29,73904,1943,High,Frequent
27,65675,1371,High,Occasional
26,40242,1016,High,Frequent
44,43062,1218,Low,Frequent
27,84992,1548,High,Frequent
47,75586,660,Medium,Rare
44,59219,422,High,Frequent
53,51641,1396,Medium,Occasional
17,19483,222,High,Occasional
35,38582,1608,Medium,Occasional
38,98228,50,High,Frequent
34,34390,2229,High,Frequent
59,63789,1673,High,Frequent
35,80148,1456,Medium,Occasional
40,34901,2183,High,Frequent
21,63694,2865,Medium,Occasional
31,78758,2214,Medium,Frequent
34,60249,50,High,Frequent
20,117368,50,Medium,Frequent
60,26628,575,High,Frequent
25,81174,1226,High,Frequent
39,56543,1718,Low,Frequent
43,75438,474,High,Rare
18,68826,1387,High,Frequent
34,45336,445,High,Occasional
34,64579,588,High,Frequent
45,22841,50,Medium,Occasional
24,72064,277,High,Occasional
35,65963,50,High,Occasional
40,72773,224,High,Frequent
38,81162,2254,High,Frequent
39,67352,251,High,Rare
31,62961,3832,Medium,Rare
20,42378,1693,Medium,Frequent
43,45755,1385,High,Occasional
43,83734,342,Medium,Frequent
45,88726,1900,Medium,Rare
59,55237,624,High,Frequent
47,60920,1322,High,Frequent
27,41907,3760,High,Occasional
15,83455,1104,High,Frequent
42,73308,2349,High,Occasional
45,98824,497,Medium,Occasional
24,42433,1165,Medium,Occasional
45,52439,2971,Medium,Rare
32,64628,573,Medium,Frequent
42,72929,3012,Medium,Rare
47,55686,1908,Medium,Frequent
21,42540,638,Medium,Rare
42,77628,1832,High,Frequent
46,74422,2173,High,Rare
20,41674,1822,High,Frequent
50,87108,50,High,Rare
30,83403,473,Medium,Frequent
32,62685,952,Low,Rare
47,61591,1126,High,Frequent
29,71081,1821,High,Occasional
52,42765,1378,High,Occasional
26,60600,50,High,Frequent
45,16952,1580,Low,Rare
49,77529,1811,Medium,Frequent
59,28770,1760,High,Occasional
29,90068,2281,High,Frequent
20,53397,2034,High,Frequent
44,55766,1659,Medium,Rare
31,47445,1130,High,Frequent
32,54239,50,Low,Frequent
41,88370,1630,Medium,Occasional
36,10243,1408,Medium,Rare
45,85539,1472,Medium,Occasional
38,66760,50,High,Rare
39,35859,119,High,Frequent
16,38493,2253,Medium,Frequent
50,93527,1160,High,Rare
21,41089,1882,Medium,Occasional
32,36932,1228,High,Frequent
41,82746,1230,Medium,Frequent
35,66771,2138,Low,Frequent
47,41241,684,High,Occasional
37,64332,1296,High,Frequent
18,39484,738,High,Rare
60,82016,766,High,Frequent
36,81227,891,Medium,Frequent
31,70640,1422,High,Frequent
45,67233,721,High,Occasional
25,95223,2456,High,Occasional
30,59993,305,Low,Frequent
22,36362,1013,Medium,Occasional
21,68989,760,High,Rare
53,101720,2647,Medium,Frequent
34,39704,1397,Medium,Frequent
38,52770,2232,Medium,Occasional
48,68328,50,High,Frequent
48,58921,1467,Medium,Occasional
52,40353,2090,Medium,Occasional
43,82437,1282,Low,Rare
46,106400,2265,Medium,Frequent
49,63922,683,Medium,Frequent
29,41918,2609,Medium,Occasional
38,29020,3499,Medium,Occasional
35,65159,837,High,Occasional
36,82077,754,Medium,Occasional
33,69503,2653,Medium,Occasional
47,59951,2780,Medium,Frequent
34,48214,677,High,Frequent
22,38156,780,High,Frequent
56,76695,918,High,Frequent
31,78275,50,Low,Frequent
33,29085,281,Medium,Occasional
30,91796,196,Medium,Occasional
35,71481,432,Medium,Occasional
46,87991,1165,High,Occasional
51,33157,1434,High,Frequent
48,32683,2751,Medium,Frequent
30,57020,202,Medium,Frequent
21,70055,2184,High,Rare
48,95927,986,Medium,Occasional
48,74121,1151,Medium,Frequent
35,55146,1875,High,Frequent
21,39472,77,Medium,Frequent
25,84600,1582,Medium,Rare
58,40705,1366,High,Frequent
20,92569,1692,Medium,Frequent
42,54312,1489,Medium,Frequent
35,91811,3655,Low,Frequent
53,73578,562,High,Occasional
32,57260,669,Medium,Occasional
36,49612,577,High,Occasional
28,53181,645,High,Frequent
20,68566,563,Medium,Frequent
42,61543,2389,Low,Occasional
39,48123,2621,Medium,Frequent
38,56687,629,High,Occasional
30,61571,368,High,Frequent
35,17425,1671,High,Frequent
20,69163,648,High,Frequent
36,40405,1833,High,Frequent
46,36933,1403,Medium,Frequent
31,26253,50,High,Occasional
21,24122,2748,Medium,Rare
29,32891,2996,Medium,Frequent
39,45819,587,High,Frequent
55,99065,812,High,Frequent
57,49482,1486,High,Frequent
51,63555,1534,High,Occasional
49,68009,1859,Medium,Occasional
37,62621,3210,Medium,Frequent
28,58451,1023,High,Frequent
25,36094,402,Low,Occasional
45,89018,50,Low,Occasional
19,96143,469,Medium,Rare
39,26346,1167,Low,Frequent
37,39519,2995,High,Occasional
34,54403,682,Medium,Frequent
34,40709,1424,Medium,Rare
50,70119,1184,High,Frequent
41,45434,2388,Medium,Frequent
50,103301,3727,Medium,Occasional
24,83810,669,High,Frequent
20,64251,711,Medium,Frequent
58,80539,2244,High,Frequent
40,82118,1882,High,Frequent
38,48721,3047,Medium,Frequent
48,43675,1784,Medium,Frequent
42,61562,841,Medium,Frequent
43,77232,1791,Low,Frequent
39,62781,2309,Medium,Occasional
50,28460,2020,Medium,Frequent
35,43943,1707,Medium,Rare
28,58520,2267,Medium,Frequent
44,58486,2369,Low,Frequent
36,99450,2582,Medium,Frequent
43,32280,1849,High,Frequent
53,70111,1033,High,Occasional
23,89782,1347,Medium,Frequent
46,105428,2407,Medium,Frequent
46,51912,383,Medium,Frequent
46,69828,1569,High,Occasional
44,71395,807,Medium,Occasional
32,63909,1229,Low,Frequent
27,58023,2478,High,Frequent
39,68719,1391,Medium,Frequent
29,9355,1246,Low,Frequent
35,73641,50,Low,Occasional
37,62523,1946,High,Occasional
48,55550,1845,High,Occasional
26,100937,3363,High,Occasional
49,46501,892,High,Frequent
32,51938,1419,High,Frequent
43,99831,1449,Medium,Rare
43,43358,2777,Medium,Occasional
29,48997,1105,Medium,Frequent
25,57059,1479,High,Frequent
28,76814,1808,Medium,Occasional
38,64156,1387,High,Occasional
30,34147,754,Low,Occasional
40,49356,1394,Medium,Frequent
29,47852,2274,Medium,Occasional
36,58455,173,Medium,Frequent
32,68516,1333,High,Frequent
40,68364,500,Low,Frequent
32,24479,2395,Medium,Frequent
38,81278,50,Medium,Frequent
28,65051,641,High,Frequent
52,87690,1577,High,Occasional
44,68883,2766,High,Occasional
24,82026,1134,Medium,Frequent
33,69330,645,Medium,Occasional
46,86924,3081,High,Frequent
46,70445,50,High,Frequent
30,58041,50,Low,Rare
29,105448,1640,High,Rare
38,77780,698,Medium,Rare
35,71474,179,Medium,Frequent
43,34473,1908,Medium,Rare
32,34233,1444,Medium,Rare
45,65854,636,Medium,Frequent
32,62910,50,High,Frequent
23,47717,2072,High,Frequent
29,62819,1850,Medium,Rare
45,91772,1101,Medium,Frequent
36,73908,3047,Medium,Frequent
20,37179,130,Medium,Occasional
35,57769,50,High,Occasional
46,43900,508,Medium,Occasional
46,52246,1154,Low,Frequent
25,51727,1443,High,Frequent
40,50447,959,Medium,Frequent
44,34897,1552,High,Occasional
38,57446,50,Medium,Occasional
37,48787,2644,Medium,Frequent
43,5000,1118,High,Frequent
43,101059,2317,High,Frequent
36,81775,1543,High,Occasional
28,52473,1657,High,Occasional
31,60376,1770,Low,Frequent
46,36566,1648,High,Occasional
31,93914,1843,High,Occasional
35,97945,2529,High,Occasional
30,63133,1397,Low,Rare
25,80470,1909,Medium,Frequent
45,63505,1110,High,Frequent
32,33265,2640,Medium,Occasional
32,51763,524,High,Occasional
20,62638,3001,Medium,Rare
42,50909,1160,Medium,Rare
44,55626,50,Medium,Frequent
41,58172,1328,Low,Frequent
56,58382,519,High,Frequent
36,61045,2041,High,Occasional
35,38787,547,Medium,Occasional
33,45659,754,High,Occasional
38,34308,50,High,Frequent
28,79556,748,High,Occasional
33,17887,50,High,Frequent
18,83071,50,Medium,Frequent
36,87726,1960,Medium,Occasional
21,53956,1986,Medium,Frequent
39,7937,1625,Medium,Frequent
56,52773,233,High,Frequent
33,58716,1152,Low,Frequent
38,39788,1196,Medium,Frequent
31,49695,50,High,Occasional
41,90603,2703,High,Frequent
38,73298,2077,High,Occasional
55,41508,979,High,Frequent
30,28048,1227,Medium,Occasional
35,53459,1408,High,Frequent
33,55730,50,High,Occasional
52,69923,953,High,Frequent
48,49293,518,Medium,Occasional
48,70229,198,High,Occasional
35,98703,919,High,Occasional
28,76310,2998,High,Occasional
50,59038,1841,High,Rare
24,56336,629,High,Frequent
28,52866,1773,High,Frequent
41,83612,2599,High,Occasional
47,47453,2125,Low,Frequent
37,60904,1260,Low,Occasional
42,61023,553,High,Frequent
29,49964,1898,High,Occasional
29,32550,1593,Medium,Occasional
35,66459,2095,Medium,Frequent
42,58779,1835,High,Frequent
39,70004,2250,Medium,Occasional
51,49327,665,High,Frequent
33,84416,2517,Medium,Frequent
42,42464,1398,Low,Frequent
27,94240,3275,High,Occasional
40,25047,511,Medium,Occasional
48,68695,2936,Medium,Rare
50,69508,1398,High,Occasional
56,44088,549,High,Frequent
44,68487,716,Medium,Occasional
42,85590,880,High,Occasional
35,15663,1624,Medium,Frequent
28,70054,1723,High,Frequent
21,10134,626,Medium,Rare
44,40686,1176,High,Frequent
42,92583,3342,High,Frequent
49,48364,2928,Medium,Occasional
45,36522,1636,Medium,Frequent
47,56041,1238,High,Frequent
44,101358,1320,Medium,Occasional
40,23366,1814,Low,Frequent
50,38973,177,Medium,Occasional
23,89948,943,Medium,Frequent
47,97154,50,High,Frequent
33,57931,1599,Medium,Occasional
27,35218,1847,High,Occasional
47,101916,717,Medium,Frequent
46,91888,2774,Medium,Rare
56,73578,50,High,Occasional
41,43751,50,High,Occasional
23,59019,1424,Medium,Occasional
36,56792,2247,Low,Occasional
31,66617,2884,Medium,Rare
35,89020,741,Medium,Occasional
41,77588,2279,High,Frequent
46,38452,1161,Medium,Frequent
28,87529,1027,Low,Rare
28,66262,2084,High,Frequent
35,73741,1852,High,Occasional
37,89330,50,High,Frequent
30,37768,2677,High,Occasional
34,59283,2580,High,Frequent
45,49370,574,Medium,Rare
33,28642,1596,Low,Frequent
41,66934,1694,Medium,Rare
49,110231,1461,Medium,Frequent
34,23198,650,Medium,Occasional
44,59354,528,Medium,Rare
30,72810,1174,High,Frequent
26,62461,2373,High,Occasional
32,57737,1744,High,Rare
41,34015,829,Medium,Frequent
29,64655,1972,Low,Frequent
53,44864,50,High,Frequent
26,16201,2349,Low,Occasional
40,83891,50,Medium,Occasional
33,79167,838,Medium,Frequent
37,61033,80,Medium,Occasional
19,64581,50,Medium,Frequent
30,81486,2361,High,Occasional
51,64486,732,Medium,Rare
44,78080,1547,Medium,Occasional
39,54050,1153,High,Occasional
36,86239,1677,High,Occasional
56,66415,1277,High,Frequent
44,63881,50,Low,Rare
47,34598,2196,Medium,Rare
37,65739,706,High,Frequent
39,43360,50,Medium,Occasional
37,47234,772,High,Occasional
31,43692,2701,High,Occasional
26,38675,2050,Medium,Frequent
48,102495,851,Low,Frequent
42,86626,851,Medium,Frequent
29,98407,878,High,Frequent
41,35542,3277,Medium,Frequent
41,61425,1582,High,Occasional
34,34129,1630,Medium,Occasional
31,46086,2230,Medium,Frequent
49,41637,1439,High,Frequent
18,84791,941,High,Frequent
46,52075,1004,High,Occasional
30,81367,1128,High,Frequent
39,72082,1163,High,Occasional
53,106072,1928,High,Frequent
33,30411,1252,High,Frequent
35,85184,1933,High,Occasional
30,82928,1119,High,Occasional
17,40532,1279,High,Frequent
36,80142,50,Medium,Frequent
50,66722,2116,Medium,Frequent
29,55450,1546,High,Frequent
37,43521,2198,High,Frequent
41,45617,50,High,Frequent
30,100996,3288,Medium,Frequent
33,60013,1060,Medium,Occasional
36,75642,2308,Medium,Rare
47,44182,160,High,Frequent
33,44402,1813,Low,Occasional
36,81639,147,Medium,Occasional
35,33008,576,High,Frequent
28,51695,3114,Low,Frequent
19,60680,1009,Medium,Rare
36,62227,1417,Medium,Frequent
49,56418,2070,High,Occasional
39,67916,1696,High,Occasional
32,73857,1350,High,Frequent
40,74692,1565,Medium,Occasional
25,40283,3603,Medium,Occasional
22,54316,1142,Medium,Frequent
40,83895,1401,Low,Frequent
32,77892,2251,High,Frequent
47,32542,2306,Low,Frequent
24,67029,2387,High,Rare
25,20435,1839,Medium,Frequent
42,60938,57,High,Occasional
47,97955,2833,Medium,Occasional
33,41042,54,Low,Occasional
45,43313,1503,Medium,Frequent
49,75280,446,High,Frequent
26,29143,1136,Low,Frequent
32,47344,1529,Medium,Occasional
44,71928,1521,Medium,Occasional
38,47314,1622,Medium,Frequent
24,55280,2814,High,Frequent
45,74883,1654,Medium,Frequent
21,68430,956,Medium,Occasional
43,65336,2164,High,Occasional
53,53217,2389,High,Occasional
39,67401,50,High,Occasional
43,57525,1797,Medium,Frequent
45,69156,1901,Medium,Frequent
21,50061,902,Medium,Frequent
45,56348,2576,High,Frequent
33,40200,1050,Low,Occasional
29,59299,1326,High,Frequent
43,43779,1027,High,Occasional
36,37719,1216,Medium,Rare
37,65173,104,High,Frequent
45,64254,50,Medium,Occasional
43,75657,2795,High,Occasional
34,51377,353,Medium,Frequent
41,68161,209,Medium,Rare
34,71015,50,Medium,Frequent
26,68895,561,High,Occasional
36,43486,50,Medium,Rare
39,62987,2842,Low,Occasional
48,67282,2210,Medium,Frequent
25,60143,512,Medium,Frequent
42,18270,3452,Low,Frequent
46,63209,2182,Medium,Occasional
44,104250,875,Medium,Frequent
53,52799,50,High,Occasional
42,45438,3491,Medium,Frequent
46,67466,50,High,Occasional
45,66247,50,Medium,Occasional
39,83854,2223,Medium,Occasional
27,34842,3640,High,Frequent
30,74627,2584,High,Occasional
45,71808,1764,High,Occasional
41,57157,1795,Medium,Occasional
32,66773,2053,Medium,Frequent
44,80589,1959,High,Occasional
26,77446,1481,Medium,Rare
53,37139,1304,High,Occasional
35,76403,1137,Medium,Frequent
41,58706,446,High,Frequent
25,61457,919,Medium,Frequent
35,61463,50,Medium,Rare
42,56995,1102,Medium,Occasional
25,83834,211,Medium,Frequent
34,58325,96,Medium,Frequent
45,37609,1380,Medium,Frequent
43,52129,2592,Medium,Frequent
24,63573,2118,High,Rare
31,84584,50,Medium,Rare
32,72061,210,Medium,Frequent
44,42989,2141,Medium,Occasional
27,109703,218,High,Occasional
28,65295,975,High,Frequent
30,85507,1750,Medium,Frequent
49,56965,232,Medium,Frequent
30,70667,1305,High,Frequent
21,76789,50,High,Frequent
60,84363,599,High,Frequent
43,81147,1520,High,Frequent
43,77443,50,High,Occasional
57,53698,1640,High,Rare
47,48565,1180,Medium,Frequent
29,66652,1752,High,Rare
51,78662,1424,High,Frequent
52,55545,2564,Medium,Occasional
48,81303,1325,Medium,Occasional
34,89052,771,Low,Occasional
41,41673,1322,Medium,Frequent
38,43261,1743,High,Frequent
36,57192,1249,Medium,Occasional
33,66152,1241,Medium,Frequent
54,49508,498,High,Frequent
43,87044,537,High,Occasional
51,68481,50,High,Frequent
43,60788,2950,Medium,Frequent
27,31281,50,Medium,Frequent
36,33683,507,Medium,Frequent
44,65620,482,Medium,Rare
32,17348,2095,High,Frequent
30,80252,905,Medium,Frequent
19,56836,2448,Medium,Rare
29,124861,527,High,Frequent
38,106158,1479,Medium,Frequent
29,56371,365,Medium,Frequent
24,57873,3345,High,Frequent
30,79911,50,Medium,Occasional
19,94063,1510,Medium,Occasional
24,27239,1834,Medium,Frequent
55,24272,1614,High,Occasional
22,47559,1015,Medium,Occasional
42,71654,1070,Medium,Occasional
40,69937,1244,Medium,Frequent
39,81395,1053,High,Frequent
46,36006,2164,Medium,Occasional
53,13677,3411,High,Frequent
38,77160,643,Medium,Frequent
54,43436,50,High,Frequent
22,19630,1112,Medium,Frequent
29,62901,3780,Medium,Frequent
34,75863,396,High,Occasional
45,57558,2839,High,Frequent
46,50843,2878,High,Occasional
37,56812,646,High,Rare
33,52588,1769,Medium,Occasional
28,33039,2828,Low,Occasional
40,45706,821,High,Frequent
39,70425,996,High,Occasional
33,66433,618,High,Frequent
32,63361,185,Medium,Rare
39,40097,551,High,Frequent
35,56369,50,Medium,Frequent
43,16458,1234,Medium,Rare
43,63569,430,Medium,Occasional
47,88577,1434,Low,Rare
58,30517,50,High,Occasional
36,48281,1531,Medium,Rare
23,66582,2034,High,Rare
46,85056,50,Medium,Rare
50,51035,1574,High,Occasional
31,46154,2428,Low,Rare
51,20621,50,High,Occasional
39,62068,2873,High,Occasional
39,100841,1619,Medium,Occasional
40,65547,495,Low,Occasional
29,59554,1144,Low,Frequent
38,66441,1758,Low,Occasional
35,59778,1276,Medium,Frequent
20,43739,1739,Medium,Frequent
49,76465,279,High,Occasional
31,64515,1369,Medium,Frequent
37,60352,50,Medium,Occasional
31,40492,1089,Low,Frequent
32,86070,296,Low,Frequent
31,73294,464,Medium,Occasional
33,48941,2436,Medium,Occasional
38,80036,2291,Medium,Frequent
48,50048,1809,High,Rare
39,44359,108,Medium,Rare
28,44805,884,High,Occasional
50,24578,2413,High,Frequent
56,69430,1342,High,Frequent
48,23377,3519,High,Occasional
41,35431,1593,Medium,Frequent
28,18488,1392,High,Frequent
21,58278,891,Medium,Occasional
27,56993,1334,Medium,Frequent
50,53466,1048,High,Occasional
40,39148,1908,Medium,Frequent
40,36555,2157,Medium,Rare
41,69287,414,Medium,Occasional
43,48988,50,Medium,Frequent
37,66327,50,Medium,Occasional
33,42295,1708,Medium,Occasional
32,63621,97,High,Rare
30,86065,50,Medium,Frequent
27,71723,1589,Medium,Rare
31,51751,3693,Medium,Rare
50,65143,1194,Low,Frequent
29,55186,2038,High,Occasional
46,60157,1282,Medium,Frequent
39,53487,1101,Medium,Frequent
45,56713,2119,Medium,Frequent
43,64241,910,Low,Occasional
40,40132,1467,Medium,Occasional
29,39682,1522,Medium,Occasional
30,32229,532,Medium,Frequent
42,27994,2192,High,Frequent
37,35654,1025,High,Occasional
32,63189,444,Medium,Occasional
37,42144,1737,Medium,Frequent
20,70272,302,Medium,Frequent
45,60694,1228,Medium,Occasional
25,20629,1191,High,Frequent
47,73099,2286,High,Frequent
28,76215,1675,Medium,Rare
50,40122,1175,Low,Rare
42,68403,2018,Low,Frequent
47,42870,2590,Medium,Frequent
24,61953,1758,High,Rare
34,34710,1210,Medium,Occasional
33,24137,50,High,Frequent
38,52343,135,Medium,Occasional
43,57525,895,Medium,Occasional
25,52046,590,High,Frequent
34,36319,1013,Medium,Occasional
27,52002,1257,Low,Occasional
46,65385,1730,Medium,Frequent
23,59102,1130,High,Frequent
35,63650,1687,Medium,Occasional
37,46597,1264,High,Occasional
37,83434,50,Medium,Occasional
47,36476,261,High,Frequent
46,69751,1056,Medium,Occasional
41,83637,50,High,Frequent
25,69618,1800,High,Occasional
47,55949,2731,Medium,Rare
32,49434,2419,High,Frequent
41,80721,987,High,Frequent
36,31540,2691,Medium,Frequent
41,40597,1349,Medium,Frequent
38,52048,863,Medium,Occasional
41,84753,587,Medium,Frequent
33,67595,898,Low,Frequent
37,40639,812,Medium,Occasional
28,53793,1370,Low,Frequent
27,47713,1361,High,Frequent
42,45804,1203,Medium,Frequent
21,79577,1637,Medium,Frequent
29,32565,2391,High,Occasional
43,92175,2150,High,Occasional
45,76564,50,High,Frequent
47,81817,50,High,Frequent
35,50741,2134,Medium,Frequent
43,57001,50,High,Frequent
51,31336,975,High,Frequent
18,49506,50,High,Occasional
36,69873,50,High,Occasional
21,85921,1741,Medium,Frequent
59,37856,1959,High,Rare
26,52689,623,Medium,Rare
34,56974,50,High,Occasional
38,32084,654,High,Frequent
58,71826,1592,High,Frequent
28,45520,50,Medium,Rare
57,56092,1383,High,Frequent
27,50961,1185,Medium,Rare
33,44213,1779,Medium,Occasional
23,59859,1320,High,Occasional
58,55687,227,High,Occasional
47,52562,2397,Medium,Occasional
43,45430,1041,Medium,Frequent
40,66390,1173,High,Frequent
27,93072,267,High,Occasional
32,62797,757,Medium,Occasional
26,79922,315,High,Frequent
47,32195,1027,High,Occasional
43,63155,2912,Medium,Occasional
43,38052,50,Medium,Rare
34,30461,50,Medium,Frequent
60,45212,2671,High,Frequent
57,83837,991,High,Frequent
55,79000,531,High,Occasional
38,64860,2240,Medium,Frequent
20,29345,594,Medium,Frequent
44,56074,3026,Medium,Frequent
46,66034,1878,High,Frequent
26,63510,712,Low,Frequent
32,23124,3357,High,Occasional
46,42193,594,High,Rare
53,58718,1942,High,Frequent
36,70725,1499,Medium,Frequent
46,16077,2502,High,Rare
34,56757,2762,High,Occasional
46,62860,1232,Medium,Rare
44,76992,447,Medium,Frequent
36,73857,1660,High,Rare
38,71651,522,Medium,Occasional
36,44001,3213,Low,Frequent
41,21839,1337,High,Frequent
37,52138,835,High,Occasional
36,80032,1385,Medium,Frequent
29,87869,50,High,Frequent
38,74210,228,Medium,Occasional
28,68586,2400,Medium,Frequent
36,67592,543,Medium,Frequent
44,48877,153,Low,Occasional
26,57398,1737,Low,Frequent
50,93381,2386,Low,Frequent
58,41148,1919,High,Occasional
24,92295,2196,Medium,Frequent
21,53559,443,Medium,Frequent
17,86508,50,Medium,Frequent
39,31863,2701,High,Occasional
34,71718,877,High,Occasional
40,45264,949,Medium,Frequent
39,31694,2528,High,Occasional
38,64370,1756,High,Frequent
19,80189,1656,Medium,Occasional
32,43101,3365,High,Occasional
38,30019,556,Medium,Frequent
44,58163,2128,High,Occasional
37,58251,1257,Medium,Occasional
57,70966,1469,High,Frequent
46,78991,2728,High,Occasional
47,58811,1708,High,Occasional
44,97110,1738,High,Frequent
46,64484,2273,High,Frequent
26,53071,835,High,Rare
18,27768,361,Medium,Frequent
38,54746,155,Medium,Frequent
24,53272,50,High,Occasional
21,79206,3256,High,Frequent
38,69249,97,Medium,Frequent
39,36412,979,Medium,Rare
31,63445,923,High,Occasional
33,73430,1507,Medium,Frequent
55,90560,2016,High,Frequent
57,77750,2060,High,Frequent
40,75216,617,Medium,Frequent
35,61201,1033,Medium,Frequent
36,67766,1483,Low,Frequent
45,84990,951,High,Occasional
44,33344,2807,High,Frequent
27,53011,1691,High,Frequent
39,44548,1935,High,Frequent
52,67583,1863,High,Frequent
40,84604,2373,Medium,Frequent
24,48060,1381,High,Frequent
26,12193,50,Low,Occasional
47,51755,1600,Medium,Occasional
37,78269,549,High,Rare
39,70752,671,High,Frequent
28,68563,1786,Low,Frequent
30,54400,2438,Low,Occasional
46,34419,1221,Medium,Rare
58,70305,1509,High,Frequent
30,43314,2902,Medium,Frequent
26,103681,1441,Low,Frequent
43,71410,3802,High,Occasional
58,48387,1766,High,Occasional
55,47772,50,High,Frequent
38,58141,1953,Medium,Occasional
24,55209,1581,Medium,Frequent
27,82336,2490,High,Occasional
26,63728,1873,High,Frequent
31,45367,1062,High,Frequent
37,97808,50,Medium,Occasional
32,60986,991,High,Occasional
59,75376,349,High,Occasional
27,47835,619,Medium,Occasional
36,67262,1789,High,Frequent
23,66222,2870,Medium,Frequent
39,22207,1595,Medium,Occasional
48,100305,50,Medium,Rare
50,85812,1645,High,Occasional
56,52056,2397,High,Frequent
38,37954,590,High,Occasional
39,66951,1066,Medium,Frequent
37,61733,1215,Medium,Occasional
30,67113,415,Medium,Occasional
22,63831,1848,Medium,Frequent
32,70124,1079,Medium,Occasional
43,88946,1620,Medium,Occasional
30,71362,313,Medium,Frequent
36,39006,763,Medium,Occasional
46,87251,1922,Medium,Frequent
38,92812,827,High,Frequent
28,123041,2927,Medium,Frequent
40,37530,800,High,Frequent
41,64857,1425,Medium,Frequent
23,18358,2133,High,Frequent
33,71062,50,High,Frequent
37,49035,50,Medium,Rare
40,98468,50,Medium,Frequent
37,44507,2463,Medium,Occasional
37,26216,648,High,Occasional
34,50574,3758,Low,Occasional
44,20490,636,Medium,Frequent
22,75021,1385,Medium,Occasional
44,18698,2742,High,Frequent
40,60569,3206,Medium,Frequent
33,18443,3262,Medium,Occasional
29,53594,2408,Medium,Occasional
41,92867,2224,Medium,Occasional
40,67212,1793,Medium,Frequent
36,42730,1978,High,Occasional
44,59375,649,High,Occasional
45,60360,382,High,Frequent
44,69452,1197,Medium,Rare
39,32662,1030,Low,Frequent
29,71851,747,Medium,Rare
27,5912,1896,Medium,Frequent
38,47402,2155,Medium,Frequent
36,50234,1288,Medium,Occasional
37,72666,2678,High,Rare
46,60452,58,High,Frequent
33,31888,1006,Medium,Rare
28,40300,483,High,Occasional
52,63973,50,High,Frequent
25,58418,1117,Medium,Occasional
28,48417,1078,High,Frequent
29,50383,2713,Medium,Frequent
38,73923,1831,Medium,Occasional
26,49646,176,High,Occasional
25,58238,3054,High,Frequent
43,103398,2421,High,Frequent
39,31526,1782,High,Frequent
37,22963,974,Medium,Occasional
30,75671,241,High,Occasional
23,46427,828,High,Frequent
27,53635,2289,High,Frequent
41,44376,3085,Medium,Occasional
32,54803,2743,High,Frequent
25,91970,711,High,Occasional
49,76042,80,High,Frequent
37,77244,1341,Medium,Occasional
38,31675,50,Medium,Occasional
37,36976,1523,Medium,Frequent
43,5000,1052,High,Occasional
31,43812,734,High,Occasional
29,79134,50,Medium,Rare
44,70338,1714,High,Frequent
33,55569,667,Low,Frequent
33,59553,50,Medium,Frequent
43,46222,50,Medium,Rare
39,64095,1172,Medium,Frequent
47,75317,2972,High,Occasional
42,27682,2861,Medium,Frequent
29,65992,743,Medium,Rare
36,78648,598,High,Occasional
47,51697,1669,Medium,Occasional
36,74014,202,Medium,Rare
29,116293,1502,High,Frequent
37,57913,1966,Medium,Frequent
46,67866,2427,Medium,Frequent
38,45238,1100,High,Frequent
29,63625,996,Low,Frequent
39,69205,322,High,Occasional
48,63896,373,High,Occasional
44,39606,974,Medium,Occasional
32,64127,1567,Medium,Frequent
43,89243,2114,High,Frequent
40,68972,397,High,Occasional
39,79239,2693,Medium,Occasional
47,55259,929,High,Occasional
49,74998,1179,High,Frequent
33,65585,453,High,Frequent
39,40981,50,Medium,Frequent
34,66370,2084,High,Occasional
21,40166,1937,Medium,Frequent
49,47342,919,High,Occasional
42,63786,1267,High,Occasional
31,65944,1716,High,Frequent
28,36215,50,Low,Frequent
36,81079,671,High,Frequent
41,71440,1994,Low,Occasional
39,45905,50,Medium,Frequent
51,29248,1494,High,Occasional
23,57101,50,High,Frequent
37,51081,1666,Medium,Occasional
33,62262,1164,Medium,Frequent
42,52737,50,High,Occasional
43,19850,2365,Medium,Rare
35,52233,465,Medium,Rare
31,53887,390,Medium,Occasional
41,72673,1401,High,Frequent
36,46036,2349,Medium,Occasional
59,93573,184,High,Frequent
42,21767,1262,Medium,Occasional
33,86223,1629,High,Occasional
36,55513,1893,Low,Frequent
34,77191,1376,Medium,Occasional
47,61596,833,High,Occasional
47,82791,372,Medium,Frequent
33,52252,1286,Medium,Frequent
19,38027,128,Medium,Frequent
37,88410,50,Low,Occasional
24,57730,1637,High,Frequent
50,64431,2104,High,Frequent
25,84695,50,Medium,Frequent
31,39360,190,Medium,Occasional
27,71909,1819,High,Rare
40,48202,3257,Medium,Frequent
51,57356,1221,High,Frequent
34,61445,472,Medium,Frequent
40,29995,1017,High,Frequent
31,44423,2575,High,Occasional
41,87021,554,Medium,Occasional
33,77723,401,Low,Frequent
40,58747,717,Medium,Frequent
47,64862,247,Medium,Frequent
45,54115,1323,Medium,Frequent
44,87131,2825,High,Occasional
60,55992,1523,High,Frequent
57,64636,948,High,Frequent
38,82920,908,Medium,Frequent
32,44452,50,Medium,Frequent
26,91175,2083,High,Frequent
47,29390,1122,Low,Rare
37,92592,1020,Medium,Rare
37,52546,4393,Medium,Frequent
34,55146,1499,Low,Occasional
37,22199,448,Medium,Frequent
33,50904,774,High,Occasional
43,39203,2348,High,Frequent
34,47847,1313,High,Occasional
39,57253,50,Medium,Occasional
26,79155,2119,High,Occasional
57,64152,532,High,Occasional
42,66153,3073,Medium,Occasional
34,38089,2280,High,Occasional
44,42384,753,Medium,Occasional
33,95974,2481,Medium,Occasional
42,45295,1268,High,Occasional
38,93124,2053,Medium,Frequent
31,55138,1685,Medium,Rare
26,60045,354,High,Occasional
28,81407,556,Low,Rare
55,85437,2230,High,Frequent
34,57783,865,High,Frequent
22,52235,796,Medium,Occasional
20,58881,245,High,Frequent
30,66759,1624,High,Occasional
48,77826,3263,Low,Frequent
29,60084,132,Low,Rare
44,72377,1224,Low,Frequent
33,92767,2612,Medium,Occasional
24,67626,1120,High,Rare
45,66233,1652,High,Frequent
37,29621,138,High,Occasional
31,7385,1628,High,Frequent
31,67767,1013,High,Occasional
35,58103,2186,Medium,Occasional
26,49704,2387,High,Occasional
37,64870,3790,Medium,Occasional
40,58791,1780,High,Frequent
34,82555,1526,High,Occasional
26,61722,1394,High,Frequent
41,45061,847,Medium,Rare
41,79803,1538,High,Frequent
37,55657,905,Medium,Occasional
45,70530,1368,Medium,Occasional
40,50451,2518,Medium,Occasional
37,47003,193,Medium,Frequent
39,61683,2340,Low,Frequent
31,60256,2517,Medium,Frequent
39,69596,1082,High,Occasional
46,54627,50,Medium,Frequent
44,23272,592,Medium,Frequent
30,51344,2497,Low,Occasional
31,75876,1177,Medium,Frequent
23,54052,201,Medium,Frequent
59,55072,695,High,Frequent
40,79727,2041,High,Frequent
43,45760,1747,High,Occasional
49,29143,961,Medium,Frequent
41,56787,833,High,Occasional
46,50316,808,Low,Frequent
24,40675,278,High,Frequent
38,56492,2815,High,Occasional
56,69830,878,High,Occasional
44,59814,2417,High,Occasional
36,66139,2721,High,Occasional
56,96268,2198,High,Frequent
30,53142,768,Medium,Frequent
46,65566,1604,Medium,Frequent
27,49815,1176,High,Frequent
21,43072,296,High,Frequent
31,48301,1524,Medium,Occasional
32,50424,50,Medium,Occasional
45,67189,2388,High,Frequent
41,106981,735,Medium,Frequent
21,45679,1401,High,Frequent
45,51667,1483,Medium,Rare
50,58737,941,Medium,Occasional
27,67915,1787,Medium,Occasional
35,65271,725,Medium,Occasional
25,85681,2071,Medium,Frequent
37,11472,50,Medium,Occasional
44,12261,1326,High,Occasional
41,50082,3139,Medium,Rare
28,81946,200,Medium,Rare
22,28687,522,Medium,Frequent
45,5000,1714,High,Frequent
34,71423,1380,Low,Frequent
56,64873,1551,High,Rare
32,38195,1689,High,Occasional
40,40289,1835,High,Occasional
56,40605,2310,High,Frequent
27,62210,1610,High,Frequent
41,47473,959,High,Occasional
40,69881,1873,Medium,Occasional
31,5000,3100,Medium,Frequent
55,42862,1067,High,Occasional
48,37478,225,High,Occasional
36,54873,2307,Medium,Rare
43,49239,1080,High,Frequent
27,75956,50,Low,Occasional
33,22813,2047,High,Occasional
30,60909,665,Medium,Occasional
32,71166,1109,Medium,Frequent
45,97132,1532,Medium,Rare
31,50364,1390,Low,Occasional
38,66489,1909,Medium,Occasional
43,23922,765,High,Frequent
38,12160,1713,Medium,Frequent
45,76895,940,Medium,Frequent
42,59888,1939,Low,Occasional
54,83570,1815,High,Frequent
31,32531,265,High,Occasional
37,70398,2286,Medium,Occasional
27,97376,664,High,Frequent
27,68394,2008,High,Occasional
39,65531,1567,Low,Frequent
26,60171,3038,Low,Occasional
40,28582,977,Medium,Rare
48,87111,851,High,Frequent
59,47782,1181,High,Frequent
33,70089,897,Medium,Frequent
38,28739,2000,High,Frequent
52,36410,50,High,Frequent
22,88701,146,Medium,Frequent
23,53053,132,High,Frequent
36,89065,2150,Medium,Frequent
28,58435,2911,High,Frequent
20,23162,1096,Medium,Frequent
43,77841,1031,Medium,Frequent
55,48202,1270,High,Frequent
27,73973,2362,High,Occasional
33,60504,273,Low,Frequent
17,29137,1438,High,Frequent
51,63285,2175,High,Frequent
40,103924,1701,High,Occasional
53,69859,1390,High,Occasional
46,58849,2201,Medium,Frequent
43,81506,50,Medium,Frequent
26,64213,1878,Medium,Occasional
58,64190,546,High,Occasional
33,38167,50,Medium,Occasional
26,64676,1711,Medium,Rare
36,80708,2574,Medium,Frequent
35,43278,1063,High,Occasional
38,88489,2153,High,Occasional
35,58165,2812,Medium,Occasional
39,42244,2515,High,Frequent
37,79952,2840,High,Occasional
45,54264,1942,High,Occasional
23,75190,1275,High,Occasional
33,54164,50,Medium,Occasional
41,58803,954,High,Occasional
50,69871,357,High,Frequent
49,65817,3371,High,Occasional
41,20089,1024,Medium,Frequent
45,37575,1323,High,Frequent
40,78588,1751,Medium,Occasional
34,57357,1244,Medium,Occasional
32,49525,2895,Low,Occasional
26,32828,577,Medium,Frequent
38,38405,1395,Medium,Occasional
48,19564,458,Low,Frequent
36,57974,50,Low,Occasional
27,48031,588,Medium,Occasional
26,40668,1163,Low,Occasional
53,58637,771,High,Occasional
52,67279,508,High,Frequent
62,101863,50,High,Frequent
25,29762,1117,Medium,Frequent
23,83187,50,Medium,Occasional
46,79462,1960,Medium,Frequent
31,44418,1282,Medium,Occasional
52,64064,50,High,Frequent
60,50847,891,High,Occasional
46,63713,448,Medium,Frequent
48,90182,1519,High,Occasional
34,72112,2540,Medium,Frequent
49,70172,50,Medium,Frequent
47,51393,1315,High,Occasional
34,30318,1040,High,Occasional
29,55830,1871,Medium,Frequent
43,84132,1413,Medium,Occasional
32,29456,448,Medium,Occasional
47,38898,881,High,Frequent
34,62525,404,Low,Occasional
30,40306,2276,Medium,Occasional
37,44149,1221,High,Occasional
34,51528,3101,High,Frequent
17,32687,1139,Medium,Frequent
30,40517,492,High,Occasional
27,74068,50,High,Frequent
24,33852,50,High,Rare
32,28042,50,High,Occasional
41,47399,1467,Medium,Occasional
26,74639,1709,High,Occasional
24,56061,50,Medium,Occasional
22,50708,2095,Medium,Frequent
34,60887,717,High,Frequent
45,25085,1347,Low,Frequent
57,69894,2812,High,Occasional
31,67668,2097,Medium,Rare
38,51813,931,Medium,Frequent
43,80118,309,High,Frequent
43,37450,50,Medium,Frequent
34,82558,481,High,Occasional
35,63089,989,High,Frequent
44,53268,213,High,Frequent
34,59602,1069,Medium,Rare
43,57854,1277,High,Frequent
44,84405,975,Medium,Frequent
51,38466,550,Medium,Occasional
28,44749,1369,Medium,Occasional
34,80726,1642,High,Occasional
33,48089,110,High,Frequent
25,78010,2611,Medium,Frequent
43,93988,1101,High,Frequent
42,51964,1219,High,Frequent
34,73627,1908,Medium,Frequent
40,36926,1433,Medium,Rare
30,75094,2153,High,Occasional
38,63988,1487,Medium,Frequent
21,69460,588,High,Occasional
51,47088,1562,High,Frequent
25,26778,56,High,Frequent
29,70065,1309,High,Frequent
41,18731,1167,Medium,Occasional
19,53652,992,High,Occasional
53,78823,1071,High,Frequent
18,63837,50,Medium,Occasional
42,98966,651,Medium,Rare
35,80502,1293,Medium,Rare
34,46922,1360,High,Occasional
28,60546,172,Medium,Occasional
29,59052,2466,High,Frequent
41,28356,334,Medium,Occasional
36,41192,2169,High,Occasional
38,48784,1627,Medium,Occasional
46,19275,554,Medium,Frequent
34,60949,2975,High,Occasional
45,55018,50,Medium,Frequent
48,26542,2119,Medium,Occasional
32,68084,2201,High,Occasional
44,74317,529,High,Occasional
32,64540,2592,High,Occasional
44,53518,950,Medium,Rare
45,71828,1489,Medium,Occasional
25,73604,1460,Medium,Frequent
46,66148,1066,Low,Frequent
51,43507,2011,Medium,Occasional
49,65532,1993,Medium,Frequent
32,83909,50,Low,Frequent
18,48067,2504,Medium,Frequent
30,101958,50,High,Frequent
21,49487,2233,Medium,Frequent
23,60648,2327,Medium,Frequent
26,46550,109,Medium,Frequent
27,64465,789,High,Frequent
35,25155,94,Low,Frequent
24,49079,985,High,Frequent
44,38157,892,Medium,Frequent
33,62706,1980,High,Occasional
41,79888,2510,High,Rare
52,72920,2596,Medium,Occasional
47,12566,638,High,Frequent
34,100841,991,Medium,Frequent
38,65905,50,High,Occasional
35,44470,394,High,Occasional
32,63142,2165,Medium,Rare
37,63523,2816,Medium,Frequent
32,46663,50,Medium,Frequent
25,63958,608,Medium,Frequent
30,47850,1174,Low,Frequent
40,51912,1480,High,Frequent
43,46274,390,Medium,Occasional
44,31346,1624,Medium,Occasional
24,62916,726,High,Occasional
34,71705,1186,Medium,Rare
53,70297,1746,Medium,Occasional
18,76398,1206,High,Frequent
45,66486,764,Medium,Frequent
33,49345,1090,High,Frequent
21,76793,1112,Medium,Frequent
33,32849,830,Medium,Occasional
24,41986,941,Medium,Frequent
25,40715,2799,High,Frequent
51,81601,1761,Medium,Occasional
52,78855,905,Medium,Occasional
21,69746,1897,Medium,Frequent
48,81438,866,High,Occasional
26,42414,2373,Medium,Frequent
38,66971,1570,Medium,Frequent
31,57496,1093,High,Frequent
44,76937,1648,Low,Frequent
39,57695,50,Medium,Frequent
17,52301,73,High,Frequent
54,70818,50,High,Frequent
56,77523,1343,High,Frequent
44,46633,2933,Medium,Frequent
31,58778,3431,High,Frequent
32,38831,1838,Medium,Occasional
49,10038,1701,Medium,Frequent
40,64009,50,High,Occasional
44,72178,657,Low,Frequent
54,65241,412,High,Frequent
49,21008,579,Low,Rare
47,52983,1032,Medium,Rare
35,15633,728,High,Frequent
31,87394,50,Medium,Frequent
39,38278,1948,High,Occasional
63,85108,127,High,Occasional
44,78917,1439,High,Frequent
42,41988,3274,Medium,Frequent
62,37344,281,High,Rare
35,67007,50,High,Frequent
38,43113,914,Medium,Occasional
45,62049,2301,High,Occasional
33,50343,3158,High,Occasional
25,24376,50,High,Occasional
34,15390,1697,High,Frequent
28,64533,735,High,Frequent
37,48768,1094,Medium,Frequent
46,48938,3844,High,Frequent
35,73917,50,Medium,Frequent
45,83468,1454,Medium,Rare
46,54549,1668,Medium,Frequent
30,53188,2286,Low,Occasional
26,70002,1298,Medium,Frequent
29,32861,1508,High,Occasional
51,64463,808,High,Occasional
33,71037,1469,High,Frequent
38,73604,857,High,Rare
53,21264,1822,High,Rare
36,44772,830,High,Occasional
38,42434,1577,High,Occasional
52,61997,1171,High,Occasional
48,69614,2326,Medium,Frequent
44,89934,1149,Medium,Frequent
33,50100,50,High,Rare
26,50048,2462,High,Rare
36,82993,294,High,Occasional
32,65931,546,Medium,Occasional
45,85353,604,Medium,Occasional
40,65774,2574,High,Frequent
45,36857,50,Medium,Rare
32,33337,4338,High,Occasional
37,28969,2256,High,Frequent
45,73241,1423,High,Frequent
46,83771,1145,Medium,Occasional
34,96987,1486,Low,Occasional
34,76862,1721,High,Frequent
61,83256,1845,High,Occasional
48,48399,1756,Low,Occasional
39,36871,1290,High,Occasional
45,77001,1003,Medium,Frequent
36,68353,1049,Medium,Frequent
29,62148,1005,Medium,Frequent
24,67747,2334,High,Occasional
32,66463,1794,High,Occasional
21,85676,50,Medium,Occasional
32,85899,1856,High,Occasional
35,70884,1395,High,Occasional
48,76916,1181,Low,Rare
36,70281,811,Medium,Occasional
36,50776,2324,Medium,Occasional
33,75131,2148,Medium,Frequent
52,32110,427,High,Occasional
53,81077,1607,High,Occasional
54,36109,228,High,Occasional
40,65716,50,High,Occasional
40,43096,573,High,Frequent
33,71067,2062,High,Occasional
56,59321,2153,High,Frequent
43,28104,1713,Medium,Frequent
30,68413,1925,Medium,Occasional
45,48441,1716,High,Occasional
31,77622,559,Low,Occasional
27,60026,1632,High,Occasional
37,67908,2000,Medium,Occasional
42,40848,1954,Medium,Occasional
29,48213,2389,Medium,Frequent
50,50827,1908,Medium,Frequent
44,77134,1551,Low,Occasional
48,93547,2270,High,Occasional
26,43896,1173,High,Occasional
27,81536,318,High,Frequent
30,16606,1037,High,Frequent
35,36116,455,Medium,Frequent
30,40824,525,Medium,Occasional
43,32949,1055,Medium,Frequent
52,28328,408,High,Frequent
29,68259,892,Medium,Occasional
53,55718,50,High,Frequent
39,67588,1413,Medium,Frequent
53,73809,1201,High,Occasional
50,65312,383,High,Occasional
49,73155,1859,Medium,Occasional
47,58609,2138,Medium,Occasional
28,36260,50,High,Frequent
34,81156,437,High,Occasional
40,48217,431,High,Frequent
29,41288,260,Medium,Occasional
25,56441,2029,High,Occasional
28,41743,1006,High,Frequent
35,51651,935,Medium,Rare
41,66881,50,High,Frequent
41,66966,1835,High,Frequent
49,42043,50,High,Occasional
55,50245,1260,High,Occasional
49,81486,1477,Medium,Frequent
26,69928,2561,High,Occasional
37,101501,50,Low,Occasional
27,83602,50,Medium,Occasional
19,82885,1384,Medium,Frequent
48,32242,3001,High,Frequent
20,75277,2439,Medium,Frequent
28,58937,1410,High,Occasional
49,48980,708,High,Occasional
30,63360,2007,Medium,Frequent
33,78904,226,High,Frequent
35,70016,1676,High,Occasional
45,42430,1705,Medium,Frequent
24,74849,2260,Medium,Occasional
36,47248,3960,High,Occasional
50,64333,1592,High,Occasional
39,53932,691,Medium,Occasional
44,55622,1174,Medium,Occasional
39,75324,50,High,Frequent
23,39196,505,High,Frequent
40,98903,791,High,Occasional
40,23578,676,Medium,Frequent
42,48046,1352,Medium,Rare
37,67404,378,Medium,Occasional
46,71686,2321,High,Frequent
21,57990,1200,High,Rare
25,58852,1191,Medium,Occasional
29,68211,872,High,Frequent
30,55378,1355,Low,Occasional
63,87863,2025,High,Occasional
36,76786,333,Medium,Frequent
23,77456,542,High,Frequent
45,40676,896,Medium,Occasional
45,58412,50,High,Frequent
16,53990,381,Medium,Frequent
34,39887,724,Medium,Occasional
32,67203,2074,Low,Frequent
32,49247,1463,High,Occasional
56,73108,1394,High,Occasional
61,38596,2051,High,Frequent
29,94380,1063,Medium,Frequent
48,42073,1590,High,Rare
49,64386,1097,High,Frequent
41,75837,1465,Medium,Occasional
32,48587,617,Medium,Occasional
40,77049,50,Medium,Frequent
43,35416,1066,High,Frequent
45,89042,2623,Medium,Frequent
39,60282,2126,High,Rare
23,48071,2165,High,Occasional
47,54016,2436,Medium,Frequent
38,76178,1289,Medium,Frequent
33,48310,1397,Medium,Frequent
28,45012,582,Low,Occasional
37,55569,884,Low,Frequent
44,36460,1816,Medium,Frequent
29,96410,2404,Low,Occasional
29,48672,1061,Medium,Rare
26,76632,750,High,Frequent
18,64189,1201,Medium,Frequent
29,40309,1801,High,Frequent
44,59880,50,Low,Rare
33,75680,50,Medium,Rare
25,56234,649,High,Occasional
25,83862,50,High,Occasional
48,80430,692,High,Frequent
31,78378,1052,High,Occasional
23,50806,747,High,Frequent
42,38403,2652,High,Frequent
31,47728,1527,High,Frequent
42,63924,1500,Medium,Frequent
31,70915,1822,High,Frequent
34,16568,61,Low,Frequent
30,59837,2239,Medium,Frequent
30,63161,1124,Medium,Occasional
46,54449,1870,Low,Rare
50,85825,128,High,Occasional
50,68435,50,Medium,Frequent
29,86203,2018,Medium,Occasional
35,55680,1576,Medium,Frequent
29,78749,298,High,Frequent
49,92701,330,Low,Occasional
46,86233,2325,High,Frequent
29,38157,50,High,Occasional
42,54926,2843,Low,Frequent
37,53096,299,Medium,Frequent
34,69785,1838,Medium,Frequent
35,73727,871,Low,Frequent
29,43222,1803,High,Frequent
51,61356,656,High,Frequent
23,19601,1037,High,Frequent
19,88838,1241,High,Occasional
45,49752,198,Medium,Frequent
35,61117,1941,Medium,Frequent
31,53807,687,High,Occasional
41,82920,971,High,Occasional
37,5000,206,High,Frequent
44,59667,50,Medium,Frequent
40,57883,1009,Medium,Frequent
50,50927,3613,High,Occasional
33,94524,1985,High,Frequent
45,42253,1181,High,Occasional
32,75435,937,Medium,Rare
30,67125,1222,Low,Rare
31,85230,1747,Medium,Frequent
46,46656,50,High,Frequent
40,45340,2314,Medium,Occasional
37,81921,1915,Medium,Occasional
18,68506,1918,High,Frequent
27,29101,1638,High,Frequent
40,49213,1220,Medium,Occasional
47,67727,1873,Low,Frequent
32,76755,1792,High,Occasional
59,46415,846,High,Frequent
27,5000,626,Medium,Occasional
25,70464,1302,High,Frequent
43,35593,2749,High,Occasional
35,19653,50,Medium,Occasional
29,5000,50,High,Occasional
22,76279,1365,High,Frequent
19,62572,1251,Medium,Rare
46,55486,1373,Medium,Occasional
28,87780,1444,High,Frequent
41,72746,977,High,Frequent
33,92326,2690,High,Occasional
31,32145,50,High,Occasional
28,59308,372,High,Frequent
28,27665,1097,High,Frequent
32,55412,50,Medium,Occasional
39,55027,1024,Medium,Frequent
16,72532,2861,High,Frequent
38,60911,1221,High,Occasional
34,72468,1431,High,Occasional
35,74068,50,High,Frequent
38,103098,584,Medium,Frequent
50,53694,825,High,Occasional
32,41179,882,Low,Frequent
32,64921,2482,High,Occasional
43,43954,1758,High,Frequent
42,89639,89,High,Occasional
47,54335,1447,High,Frequent
40,48688,1698,High,Occasional
52,50573,2340,Medium,Frequent
24,74368,2781,Medium,Frequent
30,56845,185,High,Occasional
31,47166,389,High,Occasional
39,93307,50,High,Frequent
50,42876,966,High,Occasional
39,60711,1666,High,Occasional
42,73046,2187,Medium,Frequent
59,27373,1124,High,Frequent
23,69605,880,High,Frequent
45,38897,1352,Medium,Frequent
31,76455,365,Medium,Frequent
46,40746,3290,Medium,Occasional
29,73855,50,Medium,Occasional
43,82116,1385,Medium,Occasional
47,77228,3224,Medium,Occasional
43,65026,1207,Medium,Frequent
31,55373,1010,Medium,Frequent
44,48471,843,High,Occasional
44,89420,1020,High,Frequent
36,46010,2573,High,Occasional
22,39258,50,High,Frequent
30,73307,2733,Medium,Occasional
40,44077,50,High,Occasional
37,40998,933,High,Occasional
36,31127,771,Medium,Frequent
19,50341,1789,High,Occasional
54,58345,50,High,Frequent
34,64861,1662,High,Frequent
42,79026,3224,Medium,Frequent
49,70537,50,Medium,Rare
39,56182,1390,High,Occasional
46,56036,538,High,Occasional
28,70203,1626,High,Frequent
54,85451,1219,High,Frequent
27,62526,559,Medium,Frequent
38,50617,1688,Medium,Occasional
29,40142,3004,Medium,Rare
38,31095,1009,High,Occasional
40,73325,1920,Medium,Frequent
27,71559,50,Medium,Frequent
53,71547,244,High,Frequent
48,57426,1672,High,Frequent
34,88138,2684,Medium,Rare
47,50317,1556,Medium,Rare
26,79105,887,Medium,Frequent
40,59225,1199,High,Occasional
24,47832,50,High,Frequent
28,71850,1805,High,Occasional
44,68192,2082,Medium,Occasional
36,67139,748,Medium,Frequent
35,61625,730,Medium,Occasional
41,59242,1466,Medium,Occasional
33,107767,763,Medium,Frequent
44,83685,1134,Medium,Rare
22,74456,3300,High,Frequent
34,62235,953,Low,Rare
43,80143,842,Medium,Frequent
35,70359,552,High,Frequent
27,60524,1944,Medium,Frequent
52,53928,1019,High,Occasional
39,58381,551,High,Occasional
38,5000,2521,High,Frequent
24,64212,2620,Medium,Frequent
27,50230,600,Medium,Frequent
36,91853,50,Medium,Occasional
26,60386,2208,High,Occasional
28,36220,515,Medium,Frequent
39,59002,1991,Low,Frequent
32,39077,50,Low,Occasional
30,69468,2093,High,Occasional
41,65818,50,Low,Rare
27,79156,1931,High,Frequent
53,44182,1214,High,Rare
51,60680,246,Medium,Frequent
29,32699,793,High,Frequent
25,74029,1886,High,Frequent
35,70377,1306,Medium,Frequent
36,69916,1784,High,Frequent
40,60032,3176,High,Rare
33,68295,50,High,Frequent
19,92086,2817,Medium,Frequent
35,54298,1304,Low,Occasional
33,62772,301,High,Occasional
35,38277,50,Medium,Frequent
38,42634,1011,High,Occasional
28,61956,2122,Medium,Frequent
44,82078,1072,High,Occasional
29,54874,2711,High,Frequent
30,55281,50,Medium,Occasional
30,51862,1188,Medium,Occasional
25,49304,50,Medium,Occasional
29,65899,1564,Medium,Frequent
40,30054,2087,Medium,Occasional
29,85618,779,Medium,Occasional
52,46691,50,High,Rare
39,74438,1399,High,Occasional
31,34600,1637,Medium,Rare
45,73376,1604,Medium,Occasional
51,73438,2436,High,Occasional
24,67684,129,Medium,Occasional
60,40111,1880,High,Frequent
25,64990,2393,Medium,Occasional
36,36338,50,Medium,Occasional
41,54944,1520,Medium,Frequent
39,80588,696,High,Occasional
26,75934,1118,Low,Rare
41,60303,1548,Medium,Frequent
39,40503,713,Medium,Rare
33,72911,524,High,Frequent
17,60387,1234,Medium,Rare
27,13593,113,High,Frequent
45,75652,114,High,Frequent
48,59515,1879,Medium,Frequent
31,84049,51,Low,Frequent
42,38094,1866,High,Frequent
32,5000,1663,High,Occasional
41,65581,50,Medium,Occasional
41,65831,522,High,Occasional
39,26186,2394,High,Frequent
38,40430,219,High,Occasional
37,115104,736,Medium,Occasional
30,53887,1662,High,Frequent
41,74619,1983,Low,Occasional
35,46986,948,High,Frequent
48,18193,602,High,Occasional
48,56594,2622,High,Occasional
29,54687,2939,Medium,Occasional
36,52002,2179,Medium,Occasional
32,57707,1285,High,Frequent
37,65285,392,Medium,Frequent
41,56997,370,High,Frequent
30,34719,1723,High,Occasional
38,69723,1618,Medium,Frequent
27,21012,2602,Low,Rare
27,18992,1850,Low,Occasional
52,74783,50,High,Frequent
38,70140,2252,High,Occasional
25,58852,202,Medium,Frequent
52,32091,816,High,Frequent
19,45841,1450,High,Frequent
40,54745,3196,Medium,Occasional
23,28082,4310,Medium,Frequent
39,45219,1807,Low,Frequent
37,73046,1017,Low,Occasional
23,88546,1735,Medium,Frequent
51,51611,2088,High,Occasional
41,75129,879,High,Frequent
23,21718,2995,High,Occasional
30,73189,1430,Medium,Frequent
34,43921,1698,Medium,Frequent
43,66146,1866,Medium,Rare
35,55044,1622,Medium,Frequent
33,86408,2039,High,Occasional
29,42511,583,High,Occasional
41,72552,642,Low,Occasional
33,54409,100,Medium,Frequent
38,56833,1640,High,Rare
42,56322,1979,High,Frequent
22,43086,1658,Medium,Occasional
45,59718,2874,High,Rare
37,58747,1194,Medium,Frequent
30,64824,1869,High,Occasional
37,61690,108,High,Frequent
45,75959,813,Medium,Occasional
34,78470,1896,Medium,Rare
32,38987,2049,Medium,Rare
37,77375,906,Medium,Frequent
43,36273,1128,High,Frequent
38,71757,50,Medium,Occasional
32,72394,843,High,Frequent
33,21773,2090,High,Occasional
41,61859,1775,Medium,Rare
29,50630,1701,High,Occasional
31,44824,1250,High,Frequent
28,87017,1207,High,Occasional
43,46926,540,Medium,Rare
28,43872,1899,High,Frequent
25,61513,1621,Low,Frequent
28,73711,1692,Medium,Rare
27,57167,674,High,Frequent
53,83327,50,Medium,Frequent
27,70619,2297,High,Occasional
42,16435,721,Low,Frequent
27,49410,337,Medium,Occasional
26,48763,1893,Medium,Rare
53,69587,808,High,Occasional
27,7503,2260,High,Occasional
31,110980,1817,High,Occasional
39,70620,1884,Medium,Frequent
49,62977,50,High,Occasional
32,83631,2412,Low,Occasional
35,106873,1461,Medium,Occasional
44,77414,831,High,Occasional
29,78976,1343,Medium,Rare
24,62613,50,Medium,Frequent
42,57169,1609,High,Frequent
39,50484,171,High,Occasional
45,43477,50,Medium,Rare
50,46259,50,Medium,Frequent
59,32988,2313,High,Frequent
22,58482,571,High,Frequent
50,26306,2734,Low,Occasional
36,63818,664,Medium,Frequent
28,59273,50,High,Rare
39,62938,83,High,Rare
38,49557,2436,Medium,Occasional
42,121537,1044,Medium,Frequent
24,87202,652,Medium,Rare
20,35109,1360,Medium,Rare
38,64657,1702,Medium,Frequent
32,47839,2317,High,Occasional
30,39710,2648,Medium,Frequent
20,33198,840,Medium,Frequent
24,68644,50,High,Frequent
34,46372,787,Medium,Occasional
33,79356,1460,Medium,Frequent
27,79875,236,Medium,Frequent
30,87478,243,High,Occasional
37,42952,1544,High,Frequent
50,69507,1151,Low,Frequent
40,72649,1233,High,Frequent
39,50516,442,Medium,Rare
35,44564,970,Medium,Occasional
33,92190,276,High,Occasional
38,64549,2090,Medium,Frequent
46,72719,2235,High,Occasional
37,43558,50,High,Frequent
33,35614,270,High,Occasional
48,48611,50,High,Frequent
45,57519,550,High,Frequent
48,38715,1117,Medium,Frequent
30,59803,50,High,Occasional
34,26229,278,High,Frequent
31,37599,196,High,Occasional
33,73418,1407,High,Occasional
51,72075,1269,Medium,Occasional
56,52162,478,High,Occasional
50,39644,1377,High,Occasional
32,39451,653,Medium,Occasional
37,52534,928,High,Occasional
50,72890,2873,High,Occasional
31,78564,2540,Medium,Occasional
41,50069,50,High,Frequent
30,36930,2030,High,Occasional
23,65356,2011,High,Occasional
51,43529,52,High,Occasional
23,49634,2019,Medium,Frequent
29,86505,2738,Medium,Occasional
44,76542,77,High,Occasional
24,63159,282,High,Frequent
42,34561,2218,High,Frequent
48,64227,1471,High,Frequent
37,81253,1751,High,Frequent
32,52487,1541,Medium,Occasional
41,87022,1591,Medium,Occasional
43,85854,50,High,Occasional
47,93274,2247,Medium,Frequent
28,66104,2370,Medium,Occasional
43,71747,971,Medium,Rare
18,88283,1157,High,Frequent
35,68947,50,Medium,Rare
20,49975,1714,High,Frequent
46,51029,1772,Medium,Frequent
46,64771,1138,High,Frequent
42,34188,2324,High,Frequent
43,57134,866,High,Occasional
33,81930,1765,High,Frequent
23,16174,180,High,Occasional
51,90689,1176,Medium,Occasional
31,82447,1026,Medium,Occasional
39,50804,1425,High,Occasional
33,70867,830,High,Occasional
41,60062,1069,Medium,Frequent
33,84599,2026,High,Occasional
39,79653,763,Medium,Frequent
45,31998,50,Medium,Occasional
44,71745,2950,High,Occasional
28,55887,2581,Medium,Frequent
45,61656,50,Low,Occasional
23,45436,1890,High,Rare
26,94962,697,Medium,Occasional
34,80801,1463,High,Occasional
47,45204,1494,Medium,Frequent
43,33307,966,High,Frequent
40,52286,416,High,Frequent
45,68690,509,High,Frequent
48,64804,284,High,Frequent
36,85062,368,High,Occasional
48,75798,1133,High,Occasional
21,79391,484,Medium,Occasional
28,66537,1882,Medium,Frequent
27,32214,2687,Medium,Occasional
58,56086,620,High,Frequent
35,81201,1439,Medium,Occasional
32,58969,1700,Medium,Frequent
25,70061,1672,Medium,Occasional
32,53625,1276,High,Occasional
34,39403,1943,High,Frequent
32,57533,1682,High,Occasional
39,66180,50,Medium,Occasional
24,46886,2069,Medium,Frequent
27,55285,2087,Low,Frequent
41,41210,437,High,Occasional
34,82384,1238,High,Frequent
26,54110,1883,Medium,Occasional
22,89055,991,Medium,Frequent
40,90574,2273,High,Frequent
31,58379,3564,Medium,Occasional
49,39831,414,Medium,Frequent
41,18282,50,High,Occasional
43,30559,1504,High,Occasional
47,32523,1922,Medium,Frequent
32,87569,969,High,Occasional
30,62316,2653,High,Occasional
58,67792,50,High,Frequent
33,15591,1893,High,Occasional
41,36040,594,High,Frequent
32,77741,2919,Medium,Rare
45,65735,3193,High,Frequent
33,57055,433,High,Frequent
28,71296,650,High,Occasional
50,92715,2060,High,Occasional
41,55579,813,Medium,Frequent
34,61387,1155,High,Occasional
47,63851,1225,Medium,Rare
26,107842,50,High,Occasional
28,18012,1186,Medium,Frequent
43,73664,510,High,Occasional
30,57703,707,High,Occasional
37,71335,2644,High,Occasional
30,46852,50,Low,Occasional
47,59020,2013,High,Occasional
47,74228,921,Medium,Occasional
30,122258,920,Medium,Frequent
29,76160,1990,High,Occasional
50,43038,1540,High,Occasional
